id,predict_feature
0,2
1,1
2,2
3,2
4,0
5,1
6,0
7,2
8,1
9,1
10,0
11,1
12,1
13,2
14,1
15,0
16,0
17,0
18,2
19,1
20,2
21,0
22,2
23,1
24,2
25,1
26,0
27,0
28,1
29,2
30,0
31,0
32,1
33,0
34,2
35,1
36,2
37,1
38,1
39,1
40,1
41,0
42,0
43,2
44,2
45,1
46,0
47,2
48,1
49,2
50,2
51,2
52,1
53,2
54,2
55,0
56,0
57,0
58,0
59,0
60,2
61,0
62,2
63,2
64,1
65,0
66,2
67,1
68,0
69,0
70,0
71,1
72,2
73,0
74,2
75,2
76,0
77,2
78,1
79,0
80,1
81,0
82,2
83,1
84,2
85,2
86,1
87,1
88,0
89,2
90,1
91,2
92,2
93,0
94,0
95,2
96,0
97,0
98,2
99,0
100,0
101,2
102,0
103,2
104,2
105,0
106,2
107,2
108,1
109,0
110,2
111,1
112,0
113,2
114,2
115,1
116,0
117,0
118,1
119,2
120,0
121,2
122,1
123,2
124,1
125,1
126,1
127,0
128,2
129,1
130,1
131,1
132,1
133,0
134,1
135,0
136,1
137,0
138,2
139,2
140,0
141,1
142,1
143,0
144,2
145,2
146,1
147,2
148,0
149,2
150,0
151,0
152,1
153,1
154,1
155,0
156,0
157,0
158,2
159,2
160,0
161,0
162,1
163,2
164,2
165,1
166,2
167,0
168,2
169,0
170,1
171,0
172,0
173,0
174,2
175,2
176,0
177,0
178,2
179,0
180,1
181,0
182,2
183,0
184,0
185,1
186,1
187,1
188,0
189,2
190,0
191,2
192,1
193,1
194,0
195,2
196,0
197,0
198,0
199,0
200,1
201,1
202,1
203,1
204,2
205,2
206,1
207,1
208,1
209,1
210,0
211,0
212,1
213,1
214,2
215,2
216,2
217,2
218,2
219,0
220,1
221,2
222,2
223,2
224,1
225,2
226,1
227,0
228,0
229,1
230,0
231,0
232,1
233,0
234,2
235,2
236,0
237,2
238,0
239,0
240,2
241,0
242,0
243,0
244,1
245,1
246,0
247,2
248,1
249,1
250,1
251,1
252,1
253,1
254,1
255,2
256,1
257,2
258,1
259,2
260,2
261,0
262,2
263,1
264,2
265,2
266,1
267,1
268,0
269,0
270,1
271,1
272,1
273,0
274,1
275,0
276,0
277,1
278,1
279,1
280,1
281,0
282,0
283,0
284,1
285,0
286,2
287,2
288,1
289,2
290,0
291,0
292,2
293,2
294,1
295,1
296,0
297,0
298,1
299,0
300,1
301,0
302,0
303,0
304,1
305,1
306,0
307,1
308,0
309,0
310,1
311,1
312,0
313,2
314,1
315,0
316,2
317,0
318,2
319,2
320,0
321,1
322,2
323,1
324,1
325,2
326,0
327,2
328,1
329,0
330,2
331,0
332,0
333,1
334,0
335,2
336,2
337,1
338,1
339,0
340,1
341,0
342,2
343,0
344,2
345,2
346,0
347,0
348,0
349,1
350,1
351,1
352,2
353,2
354,1
355,2
356,0
357,2
358,2
359,1
360,2
361,0
362,1
363,1
364,1
365,1
366,1
367,2
368,0
369,1
370,1
371,2
372,1
373,2
374,0
375,0
376,0
377,2
378,0
379,0
380,2
381,1
382,2
383,1
384,0
385,1
386,1
387,2
388,2
389,1
390,0
391,0
392,2
393,0
394,2
395,1
396,0
397,0
398,2
399,1
400,0
401,2
402,0
403,2
404,1
405,2
406,0
407,2
408,2
409,0
410,1
411,1
412,1
413,0
414,0
415,0
416,2
417,1
418,1
419,2
420,1
421,0
422,0
423,0
424,1
425,1
426,2
427,0
428,2
429,2
430,0
431,2
432,1
433,1
434,1
435,0
436,2
437,1
438,2
439,1
440,2
441,2
442,1
443,2
444,0
445,1
446,2
447,1
448,2
449,2
450,0
451,1
452,1
453,2
454,2
455,2
456,0
457,1
458,2
459,0
460,1
461,2
462,1
463,0
464,2
465,2
466,0
467,2
468,1
469,0
470,1
471,2
472,0
473,1
474,2
475,2
476,0
477,1
478,0
479,0
480,0
481,2
482,2
483,2
484,2
485,0
486,0
487,0
488,2
489,1
490,1
491,1
492,1
493,1
494,1
495,1
496,2
497,2
498,1
499,1
500,2
501,0
502,2
503,1
504,0
505,1
506,1
507,0
508,2
509,2
510,2
511,2
512,1
513,2
514,1
515,2
516,0
517,0
518,0
519,1
520,1
521,2
522,0
523,0
524,0
525,0
526,0
527,2
528,0
529,2
530,2
531,0
532,2
533,0
534,2
535,0
536,0
537,1
538,2
539,1
540,1
541,2
542,0
543,2
544,0
545,0
546,0
547,0
548,2
549,2
550,0
551,1
552,1
553,2
554,1
555,2
556,0
557,2
558,2
559,1
560,1
561,1
562,0
563,2
564,1
565,0
566,0
567,1
568,0
569,2
570,2
571,2
572,1
573,1
574,2
575,2
576,0
577,0
578,2
579,0
580,2
581,1
582,2
583,2
584,1
585,1
586,1
587,2
588,2
589,1
590,1
591,1
592,0
593,1
594,0
595,1
596,1
597,0
598,1
599,0
600,2
601,2
602,1
603,2
604,1
605,0
606,1
607,0
608,2
609,1
610,2
611,1
612,2
613,1
614,1
615,1
616,2
617,2
618,2
619,2
620,0
621,1
622,0
623,0
624,2
625,2
626,0
627,0
628,2
629,1
630,2
631,1
632,0
633,0
634,2
635,1
636,0
637,2
638,2
639,1
640,2
641,0
642,2
643,0
644,2
645,1
646,2
647,2
648,1
649,1
650,0
651,0
652,1
653,1
654,1
655,0
656,1
657,1
658,1
659,0
660,1
661,1
662,0
663,1
664,2
665,2
666,2
667,1
668,2
669,0
670,0
671,1
672,0
673,0
674,2
675,1
676,0
677,0
678,1
679,1
680,1
681,0
682,2
683,0
684,2
685,1
686,2
687,2
688,0
689,1
690,2
691,1
692,1
693,1
694,1
695,1
696,1
697,2
698,0
699,1
700,1
701,1
702,0
703,0
704,2
705,1
706,1
707,2
708,0
709,2
710,2
711,2
712,0
713,1
714,0
715,2
716,2
717,0
718,0
719,2
720,1
721,0
722,0
723,2
724,2
725,1
726,1
727,2
728,2
729,0
730,2
731,1
732,2
733,2
734,2
735,1
736,2
737,1
738,0
739,0
740,0
741,0
742,2
743,0
744,2
745,0
746,1
747,1
748,1
749,2
750,1
751,1
752,2
753,1
754,0
755,1
756,2
757,0
758,2
759,2
760,1
761,2
762,2
763,0
764,1
765,1
766,2
767,1
768,1
769,0
770,0
771,1
772,1
773,2
774,2
775,2
776,1
777,2
778,2
779,2
780,1
781,2
782,0
783,0
784,0
785,0
786,2
787,2
788,2
789,2
790,0
791,0
792,1
793,1
794,2
795,0
796,1
797,1
798,1
799,0
800,0
801,1
802,0
803,0
804,2
805,0
806,1
807,0
808,2
809,2
810,1
811,2
812,0
813,1
814,1
815,0
816,2
817,0
818,1
819,0
820,2
821,0
822,2
823,1
824,2
825,0
826,1
827,1
828,0
829,2
830,0
831,1
832,2
833,2
834,0
835,2
836,0
837,1
838,1
839,1
840,0
841,1
842,0
843,1
844,2
845,1
846,1
847,2
848,1
849,2
850,2
851,1
852,1
853,2
854,1
855,0
856,1
857,2
858,0
859,1
860,1
861,1
862,1
863,1
864,2
865,0
866,1
867,1
868,1
869,0
870,0
871,0
872,0
873,0
874,1
875,1
876,2
877,2
878,0
879,1
880,1
881,1
882,2
883,2
884,1
885,0
886,1
887,1
888,0
889,2
890,0
891,0
892,1
893,0
894,1
895,0
896,1
897,1
898,2
899,1
900,1
901,0
902,1
903,2
904,2
905,2
906,1
907,1
908,1
909,2
910,1
911,0
912,1
913,1
914,2
915,0
916,1
917,1
918,1
919,2
920,0
921,2
922,2
923,0
924,1
925,2
926,2
927,0
928,0
929,0
930,2
931,0
932,0
933,2
934,1
935,2
936,1
937,0
938,1
939,0
940,2
941,1
942,1
943,0
944,2
945,2
946,0
947,1
948,2
949,2
950,2
951,1
952,0
953,0
954,0
955,1
956,1
957,1
958,2
959,2
960,2
961,2
962,2
963,1
964,0
965,0
966,2
967,1
968,2
969,0
970,2
971,2
972,0
973,1
974,1
975,1
976,1
977,0
978,1
979,2
980,0
981,1
982,2
983,1
984,1
985,1
986,1
987,2
988,0
989,1
990,0
991,0
992,1
993,2
994,0
995,0
996,1
997,1
998,0
999,0
1000,2
1001,2
1002,0
1003,2
1004,0
1005,0
1006,2
1007,0
1008,2
1009,0
1010,1
1011,2
1012,2
1013,0
1014,1
1015,2
1016,0
1017,1
1018,2
1019,1
1020,0
1021,2
1022,2
1023,0
1024,1
1025,1
1026,2
1027,1
1028,0
1029,2
1030,2
1031,1
1032,1
1033,1
1034,2
1035,0
1036,2
1037,2
1038,1
1039,1
1040,2
1041,0
1042,2
1043,2
1044,2
1045,1
1046,0
1047,1
1048,1
1049,0
1050,0
1051,1
1052,2
1053,0
1054,1
1055,2
1056,0
1057,1
1058,1
1059,1
1060,0
1061,0
1062,1
1063,0
1064,1
1065,0
1066,1
1067,2
1068,1
1069,2
1070,0
1071,0
1072,2
1073,0
1074,1
1075,2
1076,2
1077,1
1078,1
1079,2
1080,1
1081,0
1082,1
1083,1
1084,0
1085,1
1086,1
1087,0
1088,2
1089,1
1090,2
1091,1
1092,0
1093,1
1094,1
1095,0
1096,1
1097,2
1098,0
1099,0
1100,2
1101,1
1102,1
1103,2
1104,1
1105,2
1106,2
1107,2
1108,2
1109,0
1110,2
1111,0
1112,2
1113,0
1114,2
1115,0
1116,0
1117,1
1118,2
1119,0
1120,0
1121,1
1122,2
1123,2
1124,2
1125,0
1126,0
1127,0
1128,2
1129,1
1130,0
1131,0
1132,1
1133,2
1134,1
1135,0
1136,0
1137,0
1138,0
1139,1
1140,1
1141,1
1142,1
1143,1
1144,2
1145,2
1146,0
1147,2
1148,2
1149,1
1150,2
1151,1
1152,2
1153,0
1154,0
1155,2
1156,0
1157,0
1158,1
1159,0
1160,2
1161,0
1162,2
1163,2
1164,2
1165,0
1166,1
1167,1
1168,1
1169,0
1170,1
1171,1
1172,2
1173,0
1174,1
1175,0
1176,2
1177,1
1178,0
1179,1
1180,2
1181,0
1182,1
1183,1
1184,0
1185,1
1186,1
1187,1
1188,0
1189,2
1190,1
1191,0
1192,1
1193,0
1194,0
1195,2
1196,1
1197,2
1198,2
1199,0
1200,0
1201,1
1202,2
1203,2
1204,0
1205,2
1206,0
1207,1
1208,1
1209,1
1210,2
1211,1
1212,0
1213,0
1214,1
1215,1
1216,2
1217,1
1218,0
1219,0
1220,2
1221,2
1222,2
1223,1
1224,2
1225,2
1226,1
1227,1
1228,2
1229,2
1230,2
1231,2
1232,2
1233,0
1234,1
1235,2
1236,0
1237,1
1238,1
1239,0
1240,1
1241,0
1242,0
1243,0
1244,0
1245,0
1246,0
1247,0
1248,2
1249,2
1250,1
1251,1
1252,2
1253,0
1254,2
1255,1
1256,2
1257,2
1258,2
1259,0
1260,1
1261,0
1262,2
1263,1
1264,0
1265,1
1266,0
1267,1
1268,0
1269,0
1270,0
1271,1
1272,2
1273,2
1274,1
1275,1
1276,2
1277,0
1278,2
1279,2
1280,1
1281,2
1282,2
1283,1
1284,1
1285,0
1286,2
1287,1
1288,1
1289,1
1290,2
1291,0
1292,1
1293,2
1294,1
1295,2
1296,1
1297,1
1298,1
1299,0
1300,0
1301,1
1302,2
1303,2
1304,0
1305,2
1306,0
1307,2
1308,2
1309,1
1310,0
1311,0
1312,1
1313,0
1314,0
1315,0
1316,0
1317,1
1318,2
1319,0
1320,0
1321,2
1322,2
1323,1
1324,0
1325,1
1326,1
1327,2
1328,0
1329,2
1330,2
1331,0
1332,2
1333,0
1334,1
1335,1
1336,2
1337,0
1338,2
1339,0
1340,1
1341,1
1342,1
1343,2
1344,0
1345,1
1346,1
1347,2
1348,2
1349,0
1350,0
1351,0
1352,0
1353,2
1354,1
1355,1
1356,1
1357,0
1358,0
1359,0
1360,0
1361,0
1362,0
1363,2
1364,0
1365,2
1366,0
1367,1
1368,2
1369,1
1370,0
1371,0
1372,0
1373,1
1374,2
1375,1
1376,0
1377,1
1378,0
1379,1
1380,0
1381,1
1382,2
1383,0
1384,2
1385,0
1386,2
1387,1
1388,0
1389,0
1390,2
1391,2
1392,1
1393,2
1394,1
1395,1
1396,2
1397,2
1398,2
1399,2
1400,1
1401,2
1402,0
1403,2
1404,0
1405,2
1406,0
1407,2
1408,1
1409,1
1410,1
1411,1
1412,2
1413,1
1414,0
1415,2
1416,0
1417,1
1418,2
1419,2
1420,1
1421,2
1422,0
1423,1
1424,2
1425,1
1426,1
1427,2
1428,1
1429,2
1430,1
1431,1
1432,2
1433,0
1434,2
1435,0
1436,1
1437,2
1438,0
1439,2
1440,2
1441,0
1442,1
1443,2
1444,0
1445,0
1446,0
1447,1
1448,1
1449,0
1450,2
1451,2
1452,0
1453,1
1454,1
1455,1
1456,1
1457,0
1458,1
1459,2
1460,2
1461,1
1462,2
1463,2
1464,2
1465,2
1466,1
1467,0
1468,0
1469,0
1470,1
1471,2
1472,0
1473,0
1474,1
1475,1
1476,2
1477,2
1478,1
1479,0
1480,2
1481,0
1482,0
1483,2
1484,1
1485,2
1486,1
1487,2
1488,0
1489,2
1490,2
1491,2
1492,0
1493,0
1494,0
1495,1
1496,1
1497,1
1498,2
1499,0
1500,0
1501,0
1502,1
1503,0
1504,0
1505,2
1506,0
1507,0
1508,0
1509,0
1510,1
1511,1
1512,2
1513,1
1514,0
1515,2
1516,0
1517,2
1518,1
1519,0
1520,1
1521,1
1522,1
1523,0
1524,1
1525,0
1526,0
1527,2
1528,1
1529,2
1530,0
1531,2
1532,0
1533,1
1534,2
1535,0
1536,0
1537,1
1538,1
1539,0
1540,0
1541,1
1542,2
1543,2
1544,0
1545,2
1546,2
1547,0
1548,2
1549,1
1550,2
1551,0
1552,1
1553,0
1554,2
1555,0
1556,0
1557,1
1558,2
1559,2
1560,2
1561,2
1562,1
1563,0
1564,1
1565,2
1566,0
1567,1
1568,2
1569,2
1570,2
1571,2
1572,1
1573,0
1574,2
1575,1
1576,0
1577,1
1578,1
1579,1
1580,1
1581,2
1582,1
1583,2
1584,0
1585,0
1586,2
1587,1
1588,0
1589,1
1590,2
1591,0
1592,2
1593,1
1594,0
1595,1
1596,2
1597,2
1598,2
1599,1
1600,1
1601,0
1602,1
1603,0
1604,2
1605,1
1606,1
1607,0
1608,0
1609,2
1610,2
1611,1
1612,0
1613,1
1614,1
1615,0
1616,0
1617,0
1618,2
1619,2
1620,0
1621,1
1622,1
1623,2
1624,1
1625,1
1626,1
1627,1
1628,0
1629,1
1630,0
1631,1
1632,1
1633,1
1634,0
1635,0
1636,1
1637,1
1638,0
1639,1
1640,1
1641,1
1642,1
1643,2
1644,2
1645,1
1646,0
1647,2
1648,2
1649,0
1650,0
1651,1
1652,2
1653,1
1654,0
1655,0
1656,1
1657,2
1658,0
1659,0
1660,1
1661,0
1662,0
1663,0
1664,1
1665,0
1666,1
1667,0
1668,1
1669,2
1670,2
1671,0
1672,0
1673,2
1674,0
1675,0
1676,0
1677,1
1678,0
1679,0
1680,1
1681,0
1682,0
1683,0
1684,2
1685,2
1686,2
1687,2
1688,1
1689,0
1690,0
1691,2
1692,1
1693,1
1694,0
1695,2
1696,2
1697,1
1698,2
1699,2
1700,1
1701,0
1702,0
1703,2
1704,1
1705,1
1706,0
1707,2
1708,1
1709,1
1710,0
1711,0
1712,2
1713,1
1714,1
1715,2
1716,0
1717,0
1718,2
1719,1
1720,2
1721,0
1722,0
1723,0
1724,0
1725,1
1726,0
1727,1
1728,1
1729,1
1730,2
1731,0
1732,2
1733,1
1734,0
1735,0
1736,1
1737,0
1738,2
1739,2
1740,0
1741,0
1742,2
1743,2
1744,1
1745,2
1746,0
1747,2
1748,2
1749,0
1750,2
1751,0
1752,1
1753,0
1754,0
1755,1
1756,2
1757,2
1758,1
1759,1
1760,2
1761,1
1762,0
1763,1
1764,1
1765,0
1766,1
1767,1
1768,2
1769,1
1770,2
1771,2
1772,0
1773,0
1774,0
1775,2
1776,0
1777,0
1778,1
1779,0
1780,2
1781,1
1782,2
1783,1
1784,0
1785,1
1786,2
1787,1
1788,1
1789,2
1790,0
1791,2
1792,1
1793,1
1794,1
1795,1
1796,1
1797,1
1798,0
1799,2
1800,2
1801,2
1802,1
1803,2
1804,1
1805,1
1806,0
1807,2
1808,1
1809,1
1810,0
1811,2
1812,0
1813,2
1814,0
1815,0
1816,2
1817,2
1818,2
1819,2
1820,2
1821,1
1822,1
1823,1
1824,1
1825,2
1826,2
1827,0
1828,2
1829,1
1830,2
1831,1
1832,1
1833,0
1834,1
1835,0
1836,0
1837,2
1838,0
1839,1
1840,2
1841,1
1842,1
1843,0
1844,2
1845,0
1846,2
1847,2
1848,0
1849,1
1850,1
1851,0
1852,0
1853,2
1854,2
1855,2
1856,0
1857,0
1858,1
1859,1
1860,1
1861,1
1862,2
1863,1
1864,2
1865,2
1866,1
1867,1
1868,2
1869,2
1870,1
1871,1
1872,1
1873,1
1874,2
1875,1
1876,0
1877,2
1878,2
1879,2
1880,1
1881,0
1882,0
1883,0
1884,2
1885,1
1886,1
1887,2
1888,2
1889,2
1890,1
1891,1
1892,1
1893,2
1894,2
1895,0
1896,1
1897,0
1898,0
1899,2
1900,0
1901,1
1902,0
1903,1
1904,2
1905,0
1906,0
1907,2
1908,2
1909,0
1910,0
1911,1
1912,1
1913,2
1914,0
1915,1
1916,1
1917,2
1918,1
1919,1
1920,1
1921,1
1922,2
1923,0
1924,1
1925,0
1926,0
1927,0
1928,1
1929,0
1930,0
1931,2
1932,2
1933,2
1934,1
1935,0
1936,2
1937,0
1938,1
1939,2
1940,2
1941,1
1942,1
1943,2
1944,1
1945,0
1946,0
1947,0
1948,2
1949,0
1950,1
1951,1
1952,0
1953,1
1954,2
1955,1
1956,2
1957,1
1958,1
1959,1
1960,1
1961,0
1962,2
1963,1
1964,2
1965,1
1966,0
1967,2
1968,0
1969,0
1970,1
1971,0
1972,0
1973,0
1974,1
1975,1
1976,1
1977,0
1978,2
1979,2
1980,2
1981,0
1982,2
1983,2
1984,2
1985,0
1986,0
1987,2
1988,1
1989,1
1990,1
1991,2
1992,2
1993,2
1994,1
1995,1
1996,0
1997,1
1998,1
1999,1
2000,0
2001,2
2002,0
2003,0
2004,2
2005,1
2006,2
2007,0
2008,1
2009,1
2010,2
2011,2
2012,1
2013,2
2014,2
2015,2
2016,2
2017,1
2018,0
2019,1
2020,0
2021,2
2022,0
2023,0
2024,2
2025,0
2026,0
2027,0
2028,2
2029,0
2030,2
2031,1
2032,0
2033,0
2034,2
2035,2
2036,0
2037,2
2038,0
2039,0
2040,1
2041,2
2042,1
2043,2
2044,2
2045,2
2046,2
2047,0
2048,1
2049,2
2050,0
2051,1
2052,0
2053,1
2054,0
2055,0
2056,1
2057,2
2058,1
2059,1
2060,1
2061,1
2062,0
2063,0
2064,1
2065,2
2066,1
2067,0
2068,1
2069,1
2070,0
2071,1
2072,0
2073,2
2074,2
2075,0
2076,0
2077,0
2078,0
2079,0
2080,0
2081,1
2082,2
2083,1
2084,0
2085,0
2086,1
2087,2
2088,0
2089,1
2090,1
2091,2
2092,2
2093,0
2094,0
2095,2
2096,2
2097,0
2098,2
2099,2
2100,1
2101,1
2102,0
2103,0
2104,0
2105,2
2106,2
2107,1
2108,2
2109,0
2110,2
2111,2
2112,0
2113,2
2114,2
2115,0
2116,1
2117,2
2118,1
2119,0
2120,1
2121,0
2122,0
2123,2
2124,2
2125,0
2126,2
2127,1
2128,0
2129,1
2130,1
2131,1
2132,1
2133,0
2134,2
2135,1
2136,2
2137,1
2138,2
2139,0
2140,0
2141,2
2142,0
2143,2
2144,1
2145,2
2146,0
2147,2
2148,0
2149,1
2150,0
2151,0
2152,1
2153,0
2154,0
2155,1
2156,1
2157,0
2158,2
2159,2
2160,0
2161,1
2162,1
2163,2
2164,1
2165,0
2166,1
2167,2
2168,1
2169,0
2170,1
2171,0
2172,1
2173,1
2174,0
2175,2
2176,2
2177,2
2178,0
2179,1
2180,2
2181,1
2182,2
2183,1
2184,0
2185,2
2186,0
2187,1
2188,0
2189,1
2190,0
2191,2
2192,0
2193,0
2194,2
2195,0
2196,1
2197,2
2198,0
2199,0
2200,1
2201,2
2202,1
2203,0
2204,0
2205,1
2206,0
2207,0
2208,0
2209,2
2210,1
2211,1
2212,0
2213,0
2214,2
2215,2
2216,0
2217,0
2218,1
2219,0
2220,1
2221,0
2222,0
2223,1
2224,2
2225,2
2226,1
2227,2
2228,0
2229,1
2230,1
2231,0
2232,2
2233,1
2234,2
2235,2
2236,2
2237,0
2238,0
2239,1
2240,1
2241,1
2242,1
2243,0
2244,2
2245,2
2246,1
2247,1
2248,1
2249,0
2250,1
2251,1
2252,2
2253,1
2254,0
2255,0
2256,1
2257,1
2258,0
2259,2
2260,2
2261,1
2262,2
2263,1
2264,0
2265,1
2266,2
2267,0
2268,0
2269,2
2270,1
2271,2
2272,0
2273,0
2274,0
2275,2
2276,0
2277,1
2278,2
2279,1
2280,2
2281,1
2282,1
2283,1
2284,1
2285,0
2286,0
2287,0
2288,2
2289,2
2290,0
2291,2
2292,1
2293,2
2294,2
2295,2
2296,1
2297,0
2298,0
2299,1
2300,1
2301,2
2302,0
2303,2
2304,2
2305,0
2306,2
2307,2
2308,1
2309,2
2310,1
2311,1
2312,1
2313,0
2314,1
2315,1
2316,2
2317,2
2318,1
2319,2
2320,2
2321,2
2322,1
2323,0
2324,0
2325,2
2326,0
2327,2
2328,2
2329,2
2330,0
2331,1
2332,1
2333,1
2334,0
2335,0
2336,2
2337,0
2338,2
2339,0
2340,1
2341,0
2342,0
2343,1
2344,1
2345,0
2346,1
2347,2
2348,0
2349,0
2350,2
2351,2
2352,0
2353,0
2354,1
2355,2
2356,0
2357,0
2358,0
2359,0
2360,2
2361,2
2362,1
2363,0
2364,0
2365,2
2366,0
2367,1
2368,0
2369,2
2370,2
2371,0
2372,1
2373,0
2374,0
2375,1
2376,2
2377,1
2378,1
2379,1
2380,0
2381,0
2382,2
2383,2
2384,1
2385,0
2386,1
2387,1
2388,1
2389,2
2390,2
2391,2
2392,1
2393,0
2394,0
2395,2
2396,1
2397,1
2398,0
2399,2
2400,1
2401,1
2402,0
2403,0
2404,0
2405,2
2406,0
2407,0
2408,1
2409,2
2410,0
2411,1
2412,0
2413,2
2414,2
2415,1
2416,2
2417,0
2418,1
2419,0
2420,0
2421,1
2422,2
2423,2
2424,1
2425,1
2426,1
2427,0
2428,2
2429,2
2430,2
2431,1
2432,0
2433,1
2434,2
2435,1
2436,0
2437,2
2438,2
2439,2
2440,2
2441,0
2442,2
2443,1
2444,1
2445,1
2446,0
2447,0
2448,0
2449,1
2450,1
2451,1
2452,0
2453,2
2454,0
2455,1
2456,2
2457,0
2458,0
2459,1
2460,1
2461,1
2462,1
2463,1
2464,0
2465,1
2466,2
2467,1
2468,1
2469,0
2470,0
2471,0
2472,2
2473,0
2474,1
2475,2
2476,2
2477,0
2478,1
2479,1
2480,1
2481,2
2482,1
2483,1
2484,2
2485,0
2486,0
2487,2
2488,0
2489,0
2490,2
2491,1
2492,1
2493,1
2494,1
2495,1
2496,1
2497,2
2498,2
2499,0
2500,2
2501,0
2502,2
2503,1
2504,1
2505,1
2506,2
2507,0
2508,0
2509,0
2510,2
2511,0
2512,0
2513,0
2514,0
2515,2
2516,1
2517,0
2518,2
2519,1
2520,0
2521,1
2522,2
2523,0
2524,0
2525,1
2526,1
2527,0
2528,2
2529,1
2530,0
2531,1
2532,2
2533,2
2534,1
2535,1
2536,2
2537,0
2538,0
2539,0
2540,0
2541,1
2542,2
2543,2
2544,1
2545,2
2546,1
2547,2
2548,0
2549,1
2550,1
2551,1
2552,2
2553,1
2554,2
2555,2
2556,1
2557,2
2558,1
2559,2
2560,0
2561,0
2562,0
2563,2
2564,2
2565,0
2566,0
2567,0
2568,2
2569,0
2570,0
2571,1
2572,1
2573,1
2574,1
2575,1
2576,2
2577,0
2578,2
2579,1
2580,0
2581,1
2582,2
2583,1
2584,2
2585,0
2586,1
2587,1
2588,1
2589,2
2590,0
2591,1
2592,2
2593,0
2594,1
2595,2
2596,0
2597,2
2598,2
2599,1
2600,0
2601,1
2602,2
2603,2
2604,0
2605,0
2606,2
2607,1
2608,0
2609,0
2610,2
2611,0
2612,1
2613,0
2614,1
2615,0
2616,0
2617,0
2618,2
2619,0
2620,0
2621,0
2622,2
2623,1
2624,2
2625,0
2626,1
2627,2
2628,2
2629,2
2630,2
2631,1
2632,1
2633,2
2634,0
2635,2
2636,0
2637,1
2638,1
2639,1
2640,2
2641,0
2642,0
2643,1
2644,0
2645,1
2646,1
2647,2
2648,1
2649,2
2650,1
2651,2
2652,0
2653,0
2654,2
2655,0
2656,1
2657,0
2658,2
2659,0
2660,1
2661,1
2662,0
2663,0
2664,2
2665,1
2666,1
2667,1
2668,2
2669,0
2670,0
2671,1
2672,0
2673,1
2674,2
2675,1
2676,2
2677,2
2678,1
2679,1
2680,1
2681,2
2682,1
2683,2
2684,0
2685,2
2686,1
2687,1
2688,2
2689,0
2690,2
2691,2
2692,1
2693,1
2694,1
2695,0
2696,1
2697,2
2698,0
2699,2
2700,1
2701,1
2702,0
2703,0
2704,2
2705,1
2706,1
2707,1
2708,2
2709,2
2710,1
2711,0
2712,1
2713,1
2714,1
2715,2
2716,1
2717,2
2718,2
2719,2
2720,0
2721,0
2722,1
2723,0
2724,0
2725,2
2726,1
2727,0
2728,1
2729,1
2730,1
2731,1
2732,0
2733,0
2734,1
2735,0
2736,1
2737,2
2738,0
2739,1
2740,0
2741,1
2742,1
2743,0
2744,0
2745,2
2746,1
2747,0
2748,0
2749,2
2750,2
2751,1
2752,0
2753,1
2754,2
2755,0
2756,0
2757,1
2758,2
2759,2
2760,2
2761,0
2762,0
2763,1
2764,2
2765,0
2766,2
2767,2
2768,0
2769,1
2770,0
2771,2
2772,2
2773,1
2774,2
2775,2
2776,1
2777,2
2778,2
2779,2
2780,2
2781,0
2782,0
2783,2
2784,1
2785,2
2786,2
2787,0
2788,0
2789,1
2790,0
2791,2
2792,1
2793,0
2794,0
2795,2
2796,2
2797,1
2798,2
2799,2
2800,1
2801,2
2802,1
2803,2
2804,2
2805,1
2806,2
2807,1
2808,0
2809,1
2810,2
2811,2
2812,2
2813,1
2814,1
2815,1
2816,1
2817,2
2818,1
2819,1
2820,2
2821,2
2822,1
2823,0
2824,1
2825,2
2826,2
2827,1
2828,0
2829,0
2830,0
2831,1
2832,2
2833,0
2834,0
2835,0
2836,0
2837,0
2838,1
2839,2
2840,1
2841,0
2842,1
2843,0
2844,0
2845,2
2846,1
2847,1
2848,1
2849,1
2850,0
2851,0
2852,0
2853,1
2854,1
2855,0
2856,0
2857,2
2858,2
2859,2
2860,1
2861,1
2862,2
2863,0
2864,1
2865,2
2866,2
2867,0
2868,2
2869,1
2870,1
2871,2
2872,2
2873,1
2874,0
2875,1
2876,1
2877,1
2878,2
2879,2
2880,1
2881,2
2882,2
2883,0
2884,0
2885,1
2886,0
2887,2
2888,1
2889,0
2890,2
2891,1
2892,0
2893,0
2894,1
2895,2
2896,1
2897,0
2898,0
2899,2
2900,1
2901,2
2902,2
2903,2
2904,0
2905,2
2906,0
2907,2
2908,1
2909,0
2910,0
2911,2
2912,0
2913,1
2914,0
2915,2
2916,2
2917,1
2918,2
2919,1
2920,2
2921,1
2922,2
2923,1
2924,1
2925,2
2926,2
2927,1
2928,2
2929,0
2930,2
2931,2
2932,2
2933,0
2934,1
2935,0
2936,0
2937,1
2938,0
2939,2
2940,0
2941,1
2942,2
2943,1
2944,1
2945,1
2946,1
2947,2
2948,2
2949,2
2950,1
2951,0
2952,2
2953,2
2954,0
2955,2
2956,1
2957,1
2958,2
2959,2
2960,2
2961,0
2962,2
2963,0
2964,1
2965,0
2966,0
2967,0
2968,1
2969,2
2970,0
2971,0
2972,0
2973,2
2974,2
2975,2
2976,0
2977,1
2978,2
2979,2
2980,2
2981,1
2982,1
2983,2
2984,1
2985,0
2986,2
2987,1
2988,1
2989,0
2990,1
2991,0
2992,1
2993,2
2994,2
2995,2
2996,1
2997,1
2998,2
2999,1
3000,2
3001,2
3002,0
3003,1
3004,2
3005,0
3006,0
3007,1
3008,2
3009,2
3010,2
3011,0
3012,1
3013,2
3014,1
3015,0
3016,1
3017,1
3018,0
3019,2
3020,1
3021,2
3022,1
3023,0
3024,1
3025,0
3026,0
3027,0
3028,1
3029,1
3030,1
3031,2
3032,1
3033,2
3034,1
3035,0
3036,0
3037,0
3038,1
3039,0
3040,0
3041,0
3042,2
3043,1
3044,0
3045,2
3046,0
3047,0
3048,2
3049,2
3050,0
3051,2
3052,0
3053,0
3054,2
3055,1
3056,2
3057,1
3058,1
3059,0
3060,1
3061,2
3062,0
3063,1
3064,0
3065,2
3066,0
3067,2
3068,0
3069,0
3070,0
3071,1
3072,1
3073,1
3074,2
3075,1
3076,2
3077,0
3078,2
3079,0
3080,2
3081,2
3082,1
3083,1
3084,2
3085,1
3086,1
3087,1
3088,2
3089,0
3090,1
3091,1
3092,2
3093,2
3094,1
3095,2
3096,1
3097,1
3098,1
3099,1
3100,0
3101,2
3102,1
3103,2
3104,1
3105,1
3106,2
3107,1
3108,0
3109,0
3110,0
3111,1
3112,2
3113,0
3114,1
3115,0
3116,2
3117,2
3118,0
3119,2
3120,2
3121,0
3122,1
3123,1
3124,0
3125,1
3126,0
3127,0
3128,2
3129,1
3130,2
3131,0
3132,1
3133,1
3134,2
3135,1
3136,0
3137,1
3138,2
3139,2
3140,1
3141,2
3142,0
3143,1
3144,0
3145,2
3146,1
3147,2
3148,2
3149,2
3150,2
3151,0
3152,1
3153,0
3154,1
3155,2
3156,0
3157,1
3158,2
3159,0
3160,1
3161,2
3162,1
3163,2
3164,2
3165,0
3166,1
3167,2
3168,2
3169,2
3170,2
3171,2
3172,1
3173,1
3174,1
3175,1
3176,2
3177,1
3178,1
3179,2
3180,1
3181,0
3182,0
3183,1
3184,1
3185,2
3186,1
3187,0
3188,0
3189,0
3190,1
3191,2
3192,2
3193,0
3194,1
3195,0
3196,0
3197,1
3198,1
3199,0
3200,0
3201,1
3202,1
3203,2
3204,1
3205,1
3206,1
3207,2
3208,2
3209,0
3210,2
3211,2
3212,1
3213,2
3214,0
3215,0
3216,0
3217,0
3218,0
3219,0
3220,2
3221,2
3222,0
3223,2
3224,2
3225,2
3226,0
3227,2
3228,1
3229,1
3230,0
3231,2
3232,1
3233,1
3234,1
3235,1
3236,1
3237,0
3238,2
3239,2
3240,1
3241,0
3242,1
3243,2
3244,1
3245,0
3246,2
3247,1
3248,1
3249,0
3250,1
3251,0
3252,1
3253,1
3254,1
3255,0
3256,2
3257,1
3258,0
3259,2
3260,1
3261,1
3262,1
3263,1
3264,0
3265,1
3266,0
3267,2
3268,1
3269,2
3270,1
3271,2
3272,1
3273,0
3274,0
3275,2
3276,1
3277,1
3278,2
3279,2
3280,1
3281,1
3282,2
3283,1
3284,1
3285,1
3286,0
3287,1
3288,0
3289,1
3290,2
3291,1
3292,1
3293,2
3294,1
3295,2
3296,1
3297,0
3298,0
3299,2
3300,2
3301,1
3302,2
3303,1
3304,0
3305,2
3306,1
3307,0
3308,1
3309,0
3310,1
3311,2
3312,1
3313,2
3314,1
3315,0
3316,1
3317,2
3318,0
3319,0
3320,0
3321,1
3322,1
3323,0
3324,1
3325,1
3326,0
3327,0
3328,1
3329,0
3330,2
3331,0
3332,0
3333,2
3334,1
3335,1
3336,1
3337,0
3338,0
3339,0
3340,1
3341,0
3342,2
3343,2
3344,2
3345,0
3346,2
3347,1
3348,1
3349,1
3350,2
3351,2
3352,2
3353,0
3354,0
3355,2
3356,0
3357,1
3358,1
3359,0
3360,0
3361,0
3362,0
3363,2
3364,0
3365,1
3366,1
3367,1
3368,0
3369,0
3370,1
3371,1
3372,0
3373,2
3374,1
3375,1
3376,0
3377,0
3378,0
3379,2
3380,0
3381,2
3382,2
3383,2
3384,1
3385,0
3386,1
3387,2
3388,0
3389,1
3390,2
3391,1
3392,0
3393,1
3394,1
3395,2
3396,0
3397,1
3398,0
3399,1
3400,1
3401,2
3402,2
3403,1
3404,2
3405,0
3406,1
3407,0
3408,2
3409,1
3410,2
3411,1
3412,1
3413,0
3414,1
3415,2
3416,2
3417,1
3418,1
3419,1
3420,1
3421,1
3422,1
3423,0
3424,1
3425,1
3426,1
3427,2
3428,2
3429,1
3430,2
3431,0
3432,0
3433,0
3434,0
3435,2
3436,1
3437,2
3438,0
3439,0
3440,0
3441,2
3442,1
3443,0
3444,0
3445,0
3446,2
3447,0
3448,0
3449,1
3450,0
3451,2
3452,0
3453,2
3454,0
3455,2
3456,2
3457,1
3458,0
3459,1
3460,0
3461,1
3462,1
3463,1
3464,1
3465,1
3466,2
3467,2
3468,1
3469,0
3470,2
3471,1
3472,0
3473,1
3474,2
3475,0
3476,1
3477,1
3478,0
3479,1
3480,1
3481,1
3482,2
3483,0
3484,1
3485,0
3486,1
3487,0
3488,1
3489,0
3490,2
3491,1
3492,1
3493,0
3494,1
3495,2
3496,1
3497,2
3498,1
3499,1
3500,1
3501,1
3502,2
3503,0
3504,0
3505,1
3506,1
3507,2
3508,2
3509,1
3510,1
3511,2
3512,0
3513,2
3514,1
3515,0
3516,1
3517,0
3518,0
3519,0
3520,0
3521,0
3522,0
3523,1
3524,1
3525,1
3526,0
3527,1
3528,2
3529,0
3530,1
3531,2
3532,2
3533,2
3534,2
3535,1
3536,0
3537,2
3538,1
3539,2
3540,0
3541,1
3542,1
3543,2
3544,0
3545,1
3546,2
3547,2
3548,0
3549,1
3550,2
3551,1
3552,0
3553,0
3554,1
3555,0
3556,0
3557,0
3558,2
3559,0
3560,2
3561,0
3562,2
3563,1
3564,1
3565,2
3566,1
3567,2
3568,2
3569,0
3570,0
3571,0
3572,0
3573,2
3574,1
3575,1
3576,1
3577,2
3578,1
3579,1
3580,2
3581,1
3582,1
3583,2
3584,2
3585,0
3586,0
3587,2
3588,0
3589,1
3590,2
3591,1
3592,0
3593,2
3594,2
3595,0
3596,1
3597,2
3598,2
3599,1
3600,0
3601,2
3602,2
3603,1
3604,0
3605,1
3606,2
3607,0
3608,0
3609,1
3610,0
3611,1
3612,2
3613,1
3614,1
3615,2
3616,1
3617,0
3618,1
3619,0
3620,2
3621,2
3622,0
3623,0
3624,0
3625,0
3626,0
3627,0
3628,0
3629,2
3630,0
3631,1
3632,1
3633,2
3634,0
3635,1
3636,1
3637,2
3638,0
3639,1
3640,2
3641,1
3642,2
3643,0
3644,0
3645,1
3646,0
3647,0
3648,2
3649,2
3650,2
3651,0
3652,2
3653,0
3654,2
3655,2
3656,2
3657,0
3658,0
3659,1
3660,0
3661,2
3662,2
3663,1
3664,1
3665,1
3666,1
3667,0
3668,2
3669,0
3670,2
3671,0
3672,2
3673,0
3674,1
3675,2
3676,0
3677,0
3678,1
3679,0
3680,1
3681,0
3682,0
3683,2
3684,2
3685,2
3686,0
3687,1
3688,0
3689,1
3690,1
3691,0
3692,2
3693,1
3694,0
3695,2
3696,2
3697,1
3698,0
3699,2
3700,1
3701,2
3702,1
3703,1
3704,1
3705,2
3706,2
3707,0
3708,0
3709,0
3710,2
3711,2
3712,2
3713,0
3714,1
3715,1
3716,0
3717,2
3718,1
3719,1
3720,2
3721,2
3722,0
3723,1
3724,2
3725,2
3726,0
3727,1
3728,0
3729,0
3730,0
3731,2
3732,0
3733,2
3734,0
3735,2
3736,1
3737,1
3738,2
3739,2
3740,1
3741,0
3742,2
3743,2
3744,2
3745,2
3746,2
3747,0
3748,1
3749,0
3750,1
3751,1
3752,1
3753,1
3754,2
3755,1
3756,1
3757,2
3758,0
3759,2
3760,1
3761,2
3762,0
3763,2
3764,2
3765,2
3766,1
3767,2
3768,2
3769,0
3770,0
3771,1
3772,1
3773,1
3774,2
3775,0
3776,0
3777,2
3778,2
3779,1
3780,1
3781,1
3782,2
3783,1
3784,0
3785,1
3786,1
3787,1
3788,0
3789,1
3790,2
3791,0
3792,1
3793,1
3794,1
3795,0
3796,2
3797,2
3798,1
3799,0
3800,1
3801,1
3802,0
3803,0
3804,0
3805,1
3806,2
3807,2
3808,0
3809,2
3810,2
3811,1
3812,1
3813,2
3814,0
3815,2
3816,1
3817,1
3818,1
3819,0
3820,1
3821,0
3822,1
3823,2
3824,0
3825,1
3826,0
3827,2
3828,2
3829,0
3830,1
3831,0
3832,2
3833,2
3834,2
3835,1
3836,2
3837,0
3838,1
3839,0
3840,1
3841,1
3842,1
3843,0
3844,1
3845,2
3846,1
3847,2
3848,1
3849,1
3850,0
3851,1
3852,2
3853,1
3854,1
3855,2
3856,1
3857,0
3858,1
3859,0
3860,2
3861,2
3862,0
3863,1
3864,2
3865,2
3866,2
3867,1
3868,0
3869,0
3870,0
3871,0
3872,2
3873,1
3874,0
3875,0
3876,0
3877,0
3878,0
3879,0
3880,0
3881,2
3882,1
3883,1
3884,0
3885,1
3886,0
3887,2
3888,0
3889,2
3890,0
3891,0
3892,1
3893,1
3894,0
3895,1
3896,0
3897,1
3898,1
3899,1
3900,2
3901,1
3902,2
3903,2
3904,1
3905,2
3906,0
3907,2
3908,1
3909,1
3910,0
3911,1
3912,0
3913,2
3914,0
3915,0
3916,0
3917,2
3918,2
3919,1
3920,1
3921,1
3922,1
3923,0
3924,1
3925,2
3926,1
3927,2
3928,0
3929,2
3930,0
3931,2
3932,1
3933,0
3934,0
3935,2
3936,1
3937,1
3938,1
3939,2
3940,0
3941,0
3942,0
3943,0
3944,1
3945,1
3946,2
3947,1
3948,0
3949,2
3950,1
3951,2
3952,0
3953,2
3954,1
3955,1
3956,0
3957,2
3958,1
3959,2
3960,2
3961,0
3962,2
3963,1
3964,0
3965,2
3966,1
3967,1
3968,2
3969,1
3970,1
3971,1
3972,2
3973,2
3974,2
3975,2
3976,1
3977,2
3978,2
3979,1
3980,0
3981,1
3982,1
3983,1
3984,2
3985,1
3986,0
3987,2
3988,2
3989,2
3990,0
3991,1
3992,0
3993,2
3994,0
3995,0
3996,1
3997,1
3998,0
3999,0
4000,1
4001,0
4002,1
4003,1
4004,1
4005,1
4006,2
4007,2
4008,1
4009,0
4010,1
4011,1
4012,0
4013,0
4014,0
4015,0
4016,1
4017,1
4018,0
4019,1
4020,2
4021,2
4022,2
4023,2
4024,1
4025,1
4026,1
4027,2
4028,1
4029,0
4030,0
4031,0
4032,2
4033,1
4034,2
4035,0
4036,1
4037,2
4038,1
4039,0
4040,1
4041,1
4042,1
4043,0
4044,1
4045,1
4046,2
4047,2
4048,0
4049,0
4050,2
4051,2
4052,1
4053,2
4054,0
4055,1
4056,1
4057,1
4058,0
4059,0
4060,2
4061,2
4062,0
4063,2
4064,0
4065,1
4066,2
4067,2
4068,2
4069,2
4070,2
4071,2
4072,1
4073,1
4074,1
4075,1
4076,0
4077,0
4078,1
4079,2
4080,2
4081,1
4082,0
4083,0
4084,0
4085,0
4086,2
4087,1
4088,1
4089,0
4090,0
4091,0
4092,0
4093,0
4094,2
4095,2
4096,0
4097,0
4098,0
4099,2
4100,2
4101,0
4102,0
4103,2
4104,1
4105,0
4106,1
4107,1
4108,2
4109,2
4110,1
4111,2
4112,2
4113,1
4114,2
4115,2
4116,0
4117,1
4118,2
4119,0
4120,0
4121,1
4122,0
4123,1
4124,1
4125,0
4126,1
4127,0
4128,1
4129,1
4130,2
4131,0
4132,0
4133,1
4134,0
4135,1
4136,1
4137,0
4138,2
4139,0
4140,1
4141,1
4142,0
4143,0
4144,2
4145,1
4146,1
4147,0
4148,0
4149,0
4150,1
4151,2
4152,1
4153,1
4154,1
4155,0
4156,1
4157,1
4158,2
4159,1
4160,0
4161,0
4162,1
4163,2
4164,0
4165,1
4166,0
4167,1
4168,2
4169,1
4170,0
4171,1
4172,2
4173,1
4174,2
4175,0
4176,0
4177,0
4178,2
4179,0
4180,2
4181,1
4182,1
4183,2
4184,0
4185,2
4186,1
4187,0
4188,0
4189,2
4190,2
4191,2
4192,0
4193,1
4194,0
4195,0
4196,2
4197,0
4198,2
4199,1
4200,0
4201,2
4202,2
4203,0
4204,0
4205,2
4206,0
4207,1
4208,0
4209,2
4210,1
4211,1
4212,2
4213,1
4214,0
4215,2
4216,2
4217,1
4218,0
4219,2
4220,2
4221,2
4222,0
4223,2
4224,1
4225,0
4226,1
4227,1
4228,1
4229,0
4230,2
4231,0
4232,1
4233,0
4234,1
4235,2
4236,2
4237,1
4238,1
4239,1
4240,0
4241,0
4242,1
4243,0
4244,1
4245,2
4246,0
4247,0
4248,0
4249,2
4250,2
4251,0
4252,0
4253,1
4254,0
4255,2
4256,0
4257,2
4258,0
4259,1
4260,1
4261,2
4262,1
4263,0
4264,0
4265,2
4266,0
4267,2
4268,0
4269,1
4270,2
4271,0
4272,1
4273,0
4274,1
4275,2
4276,1
4277,2
4278,2
4279,1
4280,1
4281,0
4282,2
4283,2
4284,2
4285,1
4286,0
4287,0
4288,2
4289,0
4290,1
4291,1
4292,1
4293,0
4294,1
4295,0
4296,1
4297,0
4298,1
4299,1
4300,0
4301,2
4302,2
4303,0
4304,0
4305,1
4306,1
4307,2
4308,0
4309,1
4310,1
4311,2
4312,0
4313,1
4314,2
4315,2
4316,2
4317,1
4318,0
4319,0
4320,1
4321,1
4322,1
4323,2
4324,2
4325,2
4326,0
4327,2
4328,0
4329,0
4330,1
4331,2
4332,1
4333,0
4334,2
4335,1
4336,0
4337,1
4338,0
4339,2
4340,1
4341,2
4342,0
4343,2
4344,2
4345,0
4346,1
4347,2
4348,2
4349,2
4350,0
4351,1
4352,0
4353,2
4354,2
4355,2
4356,0
4357,0
4358,0
4359,2
4360,1
4361,0
4362,0
4363,0
4364,1
4365,1
4366,2
4367,0
4368,2
4369,1
4370,0
4371,2
4372,2
4373,1
4374,2
4375,0
4376,2
4377,1
4378,1
4379,0
4380,0
4381,2
4382,2
4383,1
4384,0
4385,1
4386,1
4387,2
4388,1
4389,0
4390,2
4391,2
4392,1
4393,0
4394,1
4395,0
4396,1
4397,2
4398,1
4399,2
4400,0
4401,0
4402,2
4403,2
4404,1
4405,0
4406,0
4407,0
4408,0
4409,1
4410,1
4411,1
4412,0
4413,2
4414,1
4415,1
4416,1
4417,0
4418,2
4419,1
4420,0
4421,1
4422,2
4423,0
4424,1
4425,0
4426,0
4427,0
4428,2
4429,0
4430,0
4431,0
4432,1
4433,0
4434,2
4435,2
4436,1
4437,0
4438,1
4439,2
4440,2
4441,0
4442,1
4443,2
4444,1
4445,1
4446,1
4447,1
4448,1
4449,1
4450,1
4451,0
4452,1
4453,0
4454,1
4455,1
4456,0
4457,2
4458,0
4459,2
4460,1
4461,1
4462,1
4463,0
4464,0
4465,2
4466,1
4467,0
4468,1
4469,0
4470,2
4471,1
4472,0
4473,1
4474,1
4475,1
4476,0
4477,1
4478,1
4479,1
4480,1
4481,2
4482,0
4483,2
4484,0
4485,2
4486,0
4487,0
4488,0
4489,1
4490,2
4491,1
4492,2
4493,2
4494,0
4495,2
4496,0
4497,2
4498,1
4499,2
4500,0
4501,2
4502,0
4503,2
4504,0
4505,0
4506,0
4507,0
4508,0
4509,1
4510,1
4511,1
4512,0
4513,1
4514,2
4515,1
4516,2
4517,1
4518,0
4519,2
4520,0
4521,0
4522,2
4523,1
4524,0
4525,2
4526,2
4527,0
4528,2
4529,2
4530,1
4531,1
4532,0
4533,2
4534,0
4535,2
4536,2
4537,1
4538,1
4539,2
4540,1
4541,0
4542,1
4543,1
4544,1
4545,2
4546,0
4547,2
4548,1
4549,0
4550,2
4551,0
4552,1
4553,0
4554,2
4555,0
4556,1
4557,0
4558,2
4559,2
4560,0
4561,2
4562,2
4563,0
4564,2
4565,2
4566,2
4567,0
4568,0
4569,2
4570,2
4571,0
4572,0
4573,2
4574,2
4575,0
4576,0
4577,2
4578,2
4579,2
4580,0
4581,1
4582,2
4583,0
4584,2
4585,2
4586,2
4587,2
4588,1
4589,1
4590,1
4591,2
4592,0
4593,1
4594,2
4595,0
4596,2
4597,1
4598,0
4599,1
4600,1
4601,2
4602,1
4603,1
4604,0
4605,2
4606,2
4607,1
4608,2
4609,0
4610,2
4611,0
4612,2
4613,1
4614,0
4615,0
4616,1
4617,0
4618,1
4619,0
4620,2
4621,1
4622,0
4623,1
4624,0
4625,0
4626,0
4627,1
4628,0
4629,1
4630,2
4631,2
4632,0
4633,0
4634,1
4635,1
4636,2
4637,2
4638,0
4639,2
4640,1
4641,2
4642,0
4643,0
4644,2
4645,1
4646,1
4647,0
4648,1
4649,2
4650,1
4651,1
4652,1
4653,1
4654,2
4655,2
4656,1
4657,1
4658,1
4659,2
4660,0
4661,0
4662,2
4663,0
4664,1
4665,2
4666,2
4667,2
4668,2
4669,2
4670,0
4671,2
4672,2
4673,2
4674,0
4675,1
4676,2
4677,1
4678,0
4679,2
4680,2
4681,2
4682,2
4683,0
4684,2
4685,2
4686,1
4687,0
4688,1
4689,2
4690,0
4691,0
4692,1
4693,1
4694,1
4695,0
4696,2
4697,1
4698,1
4699,2
4700,0
4701,2
4702,1
4703,2
4704,0
4705,1
4706,1
4707,1
4708,1
4709,1
4710,2
4711,1
4712,1
4713,1
4714,1
4715,1
4716,1
4717,0
4718,2
4719,0
4720,2
4721,2
4722,0
4723,2
4724,1
4725,2
4726,0
4727,2
4728,2
4729,2
4730,2
4731,2
4732,0
4733,0
4734,1
4735,2
4736,1
4737,0
4738,2
4739,2
4740,2
4741,1
4742,2
4743,2
4744,2
4745,2
4746,1
4747,1
4748,1
4749,0
4750,0
4751,1
4752,0
4753,0
4754,2
4755,2
4756,0
4757,1
4758,2
4759,1
4760,2
4761,2
4762,0
4763,2
4764,0
4765,0
4766,2
4767,2
4768,1
4769,2
4770,2
4771,1
4772,2
4773,0
4774,1
4775,0
4776,0
4777,2
4778,0
4779,1
4780,2
4781,0
4782,2
4783,2
4784,2
4785,1
4786,2
4787,2
4788,0
4789,1
4790,2
4791,1
4792,0
4793,1
4794,1
4795,2
4796,0
4797,2
4798,0
4799,1
4800,0
4801,1
4802,1
4803,2
4804,0
4805,1
4806,0
4807,1
4808,0
4809,1
4810,2
4811,0
4812,1
4813,0
4814,2
4815,2
4816,0
4817,2
4818,0
4819,2
4820,2
4821,1
4822,2
4823,0
4824,1
4825,1
4826,2
4827,1
4828,0
4829,2
4830,1
4831,0
4832,1
4833,0
4834,0
4835,2
4836,0
4837,2
4838,1
4839,0
4840,1
4841,1
4842,2
4843,1
4844,2
4845,1
4846,0
4847,0
4848,0
4849,2
4850,2
4851,1
4852,2
4853,0
4854,0
4855,1
4856,0
4857,1
4858,1
4859,1
4860,1
4861,0
4862,2
4863,0
4864,1
4865,1
4866,0
4867,0
4868,1
4869,1
4870,1
4871,1
4872,2
4873,0
4874,2
4875,0
4876,1
4877,0
4878,0
4879,0
4880,1
4881,2
4882,0
4883,2
4884,0
4885,1
4886,0
4887,0
4888,1
4889,2
4890,0
4891,0
4892,2
4893,1
4894,0
4895,2
4896,0
4897,1
4898,2
4899,1
4900,1
4901,0
4902,2
4903,2
4904,1
4905,1
4906,1
4907,0
4908,1
4909,1
4910,2
4911,1
4912,2
4913,2
4914,2
4915,0
4916,0
4917,1
4918,0
4919,2
4920,1
4921,1
4922,2
4923,0
4924,1
4925,1
4926,1
4927,2
4928,2
4929,0
4930,1
4931,0
4932,0
4933,0
4934,1
4935,1
4936,1
4937,0
4938,0
4939,2
4940,0
4941,0
4942,1
4943,2
4944,1
4945,2
4946,2
4947,1
4948,1
4949,1
4950,1
4951,0
4952,0
4953,0
4954,0
4955,1
4956,0
4957,2
4958,2
4959,1
4960,1
4961,0
4962,1
4963,2
4964,2
4965,0
4966,0
4967,2
4968,1
4969,1
4970,2
4971,0
4972,0
4973,2
4974,1
4975,1
4976,1
4977,1
4978,2
4979,0
4980,2
4981,0
4982,2
4983,2
4984,1
4985,1
4986,0
4987,0
4988,1
4989,2
4990,1
4991,1
4992,1
4993,1
4994,2
4995,0
4996,2
4997,2
4998,2
4999,0
5000,1
5001,1
5002,2
5003,2
5004,2
5005,1
5006,2
5007,2
5008,1
5009,1
5010,0
5011,2
5012,2
5013,2
5014,2
5015,2
5016,1
5017,2
5018,0
5019,0
5020,0
5021,1
5022,0
5023,2
5024,1
5025,0
5026,0
5027,0
5028,0
5029,1
5030,0
5031,0
5032,1
5033,0
5034,2
5035,1
5036,0
5037,1
5038,1
5039,0
5040,2
5041,0
5042,0
5043,2
5044,1
5045,2
5046,1
5047,2
5048,0
5049,1
5050,1
5051,0
5052,1
5053,2
5054,0
5055,1
5056,1
5057,1
5058,0
5059,1
5060,1
5061,1
5062,0
5063,0
5064,1
5065,2
5066,0
5067,2
5068,2
5069,1
5070,0
5071,0
5072,2
5073,1
5074,1
5075,1
5076,0
5077,1
5078,2
5079,2
5080,1
5081,0
5082,2
5083,0
5084,0
5085,2
5086,2
5087,0
5088,1
5089,2
5090,2
5091,1
5092,1
5093,0
5094,2
5095,1
5096,0
5097,0
5098,2
5099,2
5100,2
5101,1
5102,2
5103,1
5104,0
5105,0
5106,0
5107,2
5108,0
5109,2
5110,0
5111,2
5112,2
5113,0
5114,2
5115,0
5116,0
5117,1
5118,2
5119,1
5120,1
5121,2
5122,1
5123,1
5124,2
5125,0
5126,2
5127,1
5128,1
5129,0
5130,1
5131,0
5132,1
5133,2
5134,1
5135,1
5136,0
5137,0
5138,2
5139,2
5140,0
5141,0
5142,0
5143,0
5144,1
5145,0
5146,0
5147,0
5148,0
5149,0
5150,1
5151,2
5152,0
5153,0
5154,0
5155,0
5156,1
5157,1
5158,1
5159,1
5160,0
5161,0
5162,1
5163,1
5164,1
5165,0
5166,1
5167,2
5168,2
5169,0
5170,0
5171,2
5172,0
5173,0
5174,0
5175,0
5176,0
5177,1
5178,1
5179,2
5180,1
5181,0
5182,0
5183,1
5184,2
5185,1
5186,0
5187,2
5188,0
5189,2
5190,1
5191,1
5192,1
5193,2
5194,2
5195,0
5196,2
5197,1
5198,0
5199,0
5200,1
5201,1
5202,1
5203,0
5204,1
5205,2
5206,2
5207,0
5208,1
5209,1
5210,2
5211,0
5212,0
5213,2
5214,1
5215,0
5216,2
5217,2
5218,2
5219,2
5220,2
5221,0
5222,0
5223,0
5224,1
5225,0
5226,1
5227,1
5228,2
5229,2
5230,0
5231,0
5232,0
5233,2
5234,0
5235,2
5236,2
5237,2
5238,2
5239,1
5240,2
5241,0
5242,1
5243,0
5244,2
5245,0
5246,0
5247,1
5248,0
5249,2
5250,2
5251,0
5252,2
5253,1
5254,1
5255,2
5256,1
5257,1
5258,1
5259,1
5260,2
5261,2
5262,0
5263,1
5264,2
5265,0
5266,2
5267,1
5268,2
5269,0
5270,2
5271,2
5272,0
5273,1
5274,2
5275,2
5276,0
5277,1
5278,0
5279,1
5280,1
5281,2
5282,2
5283,0
5284,2
5285,1
5286,1
5287,2
5288,0
5289,2
5290,0
5291,0
5292,0
5293,1
5294,0
5295,1
5296,0
5297,2
5298,0
5299,0
5300,1
5301,0
5302,1
5303,1
5304,1
5305,1
5306,1
5307,1
5308,2
5309,1
5310,1
5311,1
5312,1
5313,0
5314,1
5315,2
5316,0
5317,1
5318,0
5319,2
5320,1
5321,1
5322,1
5323,2
5324,2
5325,2
5326,0
5327,1
5328,2
5329,2
5330,1
5331,2
5332,1
5333,1
5334,2
5335,0
5336,0
5337,0
5338,2
5339,1
5340,2
5341,1
5342,0
5343,2
5344,1
5345,1
5346,0
5347,1
5348,2
5349,2
5350,2
5351,2
5352,0
5353,2
5354,1
5355,1
5356,1
5357,2
5358,1
5359,0
5360,1
5361,1
5362,2
5363,1
5364,2
5365,2
5366,2
5367,0
5368,2
5369,1
5370,1
5371,1
5372,0
5373,0
5374,2
5375,2
5376,0
5377,0
5378,2
5379,1
5380,2
5381,0
5382,1
5383,0
5384,0
5385,0
5386,2
5387,0
5388,1
5389,1
5390,1
5391,0
5392,2
5393,1
5394,0
5395,0
5396,0
5397,0
5398,1
5399,1
5400,1
5401,2
5402,0
5403,2
5404,1
5405,0
5406,0
5407,1
5408,0
5409,1
5410,1
5411,1
5412,1
5413,2
5414,0
5415,2
5416,1
5417,1
5418,1
5419,0
5420,1
5421,0
5422,1
5423,0
5424,2
5425,2
5426,1
5427,2
5428,2
5429,2
5430,2
5431,0
5432,0
5433,1
5434,0
5435,1
5436,2
5437,2
5438,1
5439,1
5440,1
5441,2
5442,0
5443,0
5444,2
5445,2
5446,2
5447,0
5448,1
5449,1
5450,1
5451,1
5452,1
5453,0
5454,0
5455,0
5456,2
5457,1
5458,1
5459,1
5460,1
5461,0
5462,0
5463,1
5464,1
5465,2
5466,1
5467,2
5468,2
5469,0
5470,0
5471,0
5472,1
5473,1
5474,2
5475,1
5476,0
5477,0
5478,2
5479,2
5480,0
5481,1
5482,2
5483,0
5484,1
5485,0
5486,1
5487,2
5488,0
5489,0
5490,0
5491,1
5492,2
5493,1
5494,2
5495,0
5496,1
5497,1
5498,1
5499,1
5500,0
5501,0
5502,1
5503,2
5504,1
5505,0
5506,1
5507,0
5508,1
5509,1
5510,2
5511,2
5512,0
5513,2
5514,2
5515,1
5516,0
5517,0
5518,0
5519,1
5520,0
5521,0
5522,1
5523,1
5524,2
5525,0
5526,1
5527,0
5528,0
5529,2
5530,1
5531,2
5532,2
5533,2
5534,1
5535,1
5536,0
5537,0
5538,0
5539,1
5540,2
5541,1
5542,1
5543,0
5544,2
5545,1
5546,0
5547,1
5548,2
5549,1
5550,0
5551,2
5552,2
5553,1
5554,0
5555,0
5556,0
5557,0
5558,0
5559,1
5560,1
5561,0
5562,2
5563,2
5564,1
5565,1
5566,1
5567,2
5568,1
5569,2
5570,1
5571,1
5572,1
5573,2
5574,2
5575,2
5576,1
5577,1
5578,1
5579,0
5580,1
5581,2
5582,0
5583,0
5584,2
5585,2
5586,1
5587,1
5588,1
5589,2
5590,0
5591,0
5592,1
5593,1
5594,0
5595,1
5596,2
5597,0
5598,2
5599,0
5600,0
5601,2
5602,0
5603,0
5604,2
5605,1
5606,2
5607,2
5608,1
5609,1
5610,1
5611,2
5612,0
5613,2
5614,2
5615,2
5616,2
5617,1
5618,2
5619,2
5620,1
5621,2
5622,2
5623,1
5624,2
5625,0
5626,1
5627,1
5628,2
5629,1
5630,2
5631,1
5632,2
5633,1
5634,2
5635,0
5636,2
5637,1
5638,1
5639,2
5640,1
5641,0
5642,2
5643,2
5644,1
5645,1
5646,0
5647,0
5648,0
5649,2
5650,0
5651,0
5652,2
5653,2
5654,0
5655,2
5656,0
5657,0
5658,0
5659,2
5660,0
5661,2
5662,2
5663,2
5664,2
5665,0
5666,2
5667,1
5668,0
5669,0
5670,2
5671,2
5672,1
5673,1
5674,2
5675,0
5676,0
5677,2
5678,1
5679,2
5680,0
5681,2
5682,0
5683,2
5684,0
5685,1
5686,1
5687,2
5688,0
5689,0
5690,2
5691,2
5692,1
5693,1
5694,1
5695,1
5696,0
5697,0
5698,0
5699,0
5700,0
5701,0
5702,2
5703,2
5704,1
5705,0
5706,1
5707,2
5708,0
5709,1
5710,2
5711,1
5712,0
5713,1
5714,2
5715,0
5716,1
5717,1
5718,1
5719,2
5720,2
5721,1
5722,1
5723,1
5724,2
5725,0
5726,2
5727,2
5728,0
5729,0
5730,2
5731,0
5732,0
5733,1
5734,2
5735,2
5736,2
5737,0
5738,0
5739,2
5740,2
5741,1
5742,1
5743,0
5744,1
5745,0
5746,0
5747,2
5748,2
5749,2
5750,1
5751,2
5752,2
5753,1
5754,0
5755,2
5756,1
5757,0
5758,1
5759,0
5760,0
5761,2
5762,2
5763,0
5764,0
5765,1
5766,2
5767,0
5768,1
5769,2
5770,2
5771,0
5772,2
5773,1
5774,0
5775,0
5776,2
5777,0
5778,1
5779,2
5780,0
5781,2
5782,1
5783,2
5784,0
5785,2
5786,0
5787,0
5788,0
5789,1
5790,2
5791,1
5792,0
5793,1
5794,0
5795,1
5796,2
5797,2
5798,0
5799,0
5800,1
5801,1
5802,0
5803,2
5804,1
5805,2
5806,0
5807,0
5808,2
5809,0
5810,1
5811,1
5812,0
5813,2
5814,2
5815,1
5816,1
5817,2
5818,1
5819,0
5820,1
5821,2
5822,1
5823,0
5824,2
5825,0
5826,1
5827,1
5828,2
5829,2
5830,2
5831,1
5832,1
5833,2
5834,2
5835,2
5836,0
5837,2
5838,1
5839,0
5840,0
5841,1
5842,2
5843,2
5844,1
5845,2
5846,0
5847,1
5848,2
5849,2
5850,2
5851,2
5852,1
5853,1
5854,1
5855,1
5856,2
5857,2
5858,1
5859,2
5860,0
5861,2
5862,2
5863,0
5864,1
5865,1
5866,2
5867,0
5868,1
5869,0
5870,0
5871,0
5872,0
5873,0
5874,0
5875,2
5876,1
5877,2
5878,2
5879,2
5880,2
5881,0
5882,1
5883,2
5884,0
5885,0
5886,0
5887,1
5888,1
5889,2
5890,1
5891,0
5892,2
5893,1
5894,2
5895,2
5896,1
5897,0
5898,2
5899,1
5900,2
5901,1
5902,0
5903,0
5904,0
5905,0
5906,2
5907,1
5908,2
5909,0
5910,1
5911,0
5912,2
5913,0
5914,2
5915,2
5916,0
5917,0
5918,2
5919,2
5920,2
5921,1
5922,2
5923,1
5924,0
5925,0
5926,1
5927,1
5928,0
5929,0
5930,2
5931,0
5932,2
5933,1
5934,1
5935,1
5936,1
5937,0
5938,2
5939,0
5940,2
5941,2
5942,1
5943,2
5944,2
5945,1
5946,2
5947,2
5948,2
5949,1
5950,2
5951,0
5952,0
5953,2
5954,2
5955,1
5956,2
5957,1
5958,0
5959,0
5960,1
5961,1
5962,1
5963,1
5964,0
5965,0
5966,0
5967,1
5968,2
5969,2
5970,1
5971,2
5972,1
5973,1
5974,1
5975,2
5976,0
5977,1
5978,2
5979,0
5980,0
5981,2
5982,0
5983,0
5984,1
5985,0
5986,0
5987,2
5988,1
5989,1
5990,0
5991,1
5992,0
5993,1
5994,0
5995,1
5996,1
5997,1
5998,1
5999,1
6000,1
6001,2
6002,2
6003,0
6004,2
6005,2
6006,1
6007,0
6008,1
6009,2
6010,0
6011,1
6012,1
6013,1
6014,0
6015,1
6016,2
6017,1
6018,2
6019,0
6020,0
6021,0
6022,0
6023,1
6024,0
6025,1
6026,0
6027,1
6028,0
6029,2
6030,1
6031,2
6032,0
6033,1
6034,1
6035,1
6036,0
6037,2
6038,2
6039,1
6040,1
6041,0
6042,1
6043,2
6044,1
6045,2
6046,0
6047,2
6048,2
6049,1
6050,0
6051,2
6052,1
6053,2
6054,1
6055,1
6056,2
6057,1
6058,0
6059,1
6060,2
6061,2
6062,1
6063,2
6064,1
6065,1
6066,1
6067,1
6068,1
6069,1
6070,1
6071,2
6072,0
6073,1
6074,1
6075,2
6076,2
6077,1
6078,1
6079,1
6080,0
6081,0
6082,2
6083,2
6084,1
6085,1
6086,1
6087,1
6088,1
6089,1
6090,1
6091,0
6092,1
6093,0
6094,2
6095,0
6096,0
6097,1
6098,2
6099,0
6100,1
6101,0
6102,0
6103,1
6104,0
6105,2
6106,2
6107,0
6108,2
6109,0
6110,2
6111,1
6112,0
6113,0
6114,2
6115,2
6116,1
6117,2
6118,2
6119,2
6120,1
6121,2
6122,2
6123,2
6124,2
6125,1
6126,0
6127,0
6128,2
6129,2
6130,0
6131,2
6132,0
6133,1
6134,0
6135,1
6136,0
6137,2
6138,0
6139,2
6140,2
6141,1
6142,2
6143,2
6144,1
6145,2
6146,0
6147,0
6148,0
6149,0
6150,0
6151,0
6152,2
6153,1
6154,0
6155,0
6156,0
6157,1
6158,2
6159,0
6160,0
6161,2
6162,1
6163,0
6164,1
6165,0
6166,0
6167,0
6168,2
6169,1
6170,0
6171,0
6172,1
6173,1
6174,1
6175,2
6176,1
6177,0
6178,1
6179,0
6180,1
6181,1
6182,2
6183,0
6184,2
6185,0
6186,1
6187,2
6188,0
6189,0
6190,0
6191,1
6192,2
6193,2
6194,2
6195,1
6196,0
6197,2
6198,2
6199,1
6200,2
6201,0
6202,0
6203,2
6204,2
6205,1
6206,1
6207,0
6208,1
6209,2
6210,2
6211,2
6212,0
6213,2
6214,0
6215,0
6216,1
6217,1
6218,1
6219,1
6220,1
6221,0
6222,1
6223,2
6224,1
6225,2
6226,2
6227,1
6228,2
6229,0
6230,0
6231,0
6232,0
6233,1
6234,2
6235,2
6236,2
6237,2
6238,0
6239,0
6240,2
6241,0
6242,1
6243,1
6244,2
6245,2
6246,1
6247,1
6248,1
6249,0
6250,2
6251,0
6252,0
6253,1
6254,2
6255,1
6256,0
6257,2
6258,2
6259,2
6260,0
6261,0
6262,2
6263,0
6264,1
6265,2
6266,0
6267,1
6268,0
6269,2
6270,1
6271,0
6272,2
6273,0
6274,0
6275,0
6276,2
6277,0
6278,1
6279,0
6280,2
6281,0
6282,1
6283,2
6284,2
6285,0
6286,0
6287,0
6288,1
6289,0
6290,0
6291,0
6292,2
6293,2
6294,1
6295,0
6296,1
6297,2
6298,0
6299,0
6300,1
6301,2
6302,0
6303,0
6304,2
6305,1
6306,2
6307,2
6308,1
6309,0
6310,2
6311,1
6312,1
6313,0
6314,2
6315,2
6316,0
6317,1
6318,0
6319,1
6320,0
6321,2
6322,1
6323,0
6324,0
6325,1
6326,1
6327,1
6328,1
6329,2
6330,0
6331,0
6332,0
6333,2
6334,1
6335,2
6336,0
6337,0
6338,2
6339,2
6340,2
6341,1
6342,0
6343,1
6344,1
6345,1
6346,0
6347,2
6348,1
6349,0
6350,2
6351,0
6352,1
6353,2
6354,1
6355,1
6356,2
6357,0
6358,1
6359,0
6360,1
6361,1
6362,2
6363,2
6364,2
6365,0
6366,2
6367,1
6368,2
6369,1
6370,2
6371,0
6372,0
6373,2
6374,0
6375,2
6376,1
6377,2
6378,1
6379,0
6380,0
6381,1
6382,1
6383,1
6384,1
6385,0
6386,2
6387,0
6388,0
6389,1
6390,0
6391,1
6392,0
6393,0
6394,0
6395,1
6396,2
6397,0
6398,0
6399,0
6400,0
6401,1
6402,0
6403,2
6404,1
6405,0
6406,0
6407,2
6408,2
6409,2
6410,0
6411,1
6412,0
6413,0
6414,0
6415,2
6416,0
6417,0
6418,1
6419,0
6420,0
6421,2
6422,0
6423,1
6424,1
6425,1
6426,2
6427,1
6428,0
6429,2
6430,2
6431,2
6432,1
6433,0
6434,1
6435,0
6436,0
6437,1
6438,0
6439,0
6440,2
6441,2
6442,0
6443,0
6444,0
6445,0
6446,0
6447,2
6448,2
6449,2
6450,1
6451,2
6452,1
6453,1
6454,1
6455,0
6456,1
6457,0
6458,2
6459,2
6460,1
6461,0
6462,0
6463,0
6464,0
6465,2
6466,1
6467,0
6468,1
6469,2
6470,1
6471,1
6472,1
6473,1
6474,2
6475,2
6476,1
6477,2
6478,0
6479,0
6480,2
6481,2
6482,1
6483,1
6484,1
6485,2
6486,1
6487,2
6488,1
6489,0
6490,2
6491,0
6492,2
6493,2
6494,1
6495,1
6496,1
6497,1
6498,0
6499,2
6500,1
6501,1
6502,0
6503,2
6504,1
6505,1
6506,1
6507,0
6508,2
6509,0
6510,1
6511,0
6512,1
6513,1
6514,0
6515,1
6516,1
6517,2
6518,0
6519,0
6520,1
6521,1
6522,1
6523,2
6524,0
6525,1
6526,1
6527,2
6528,1
6529,0
6530,0
6531,1
6532,1
6533,1
6534,2
6535,2
6536,2
6537,2
6538,1
6539,1
6540,0
6541,0
6542,1
6543,0
6544,0
6545,2
6546,0
6547,0
6548,2
6549,1
6550,2
6551,1
6552,0
6553,0
6554,2
6555,2
6556,2
6557,0
6558,0
6559,1
6560,0
6561,2
6562,1
6563,0
6564,1
6565,2
6566,2
6567,2
6568,0
6569,1
6570,0
6571,0
6572,2
6573,1
6574,2
6575,0
6576,0
6577,0
6578,1
6579,0
6580,2
6581,1
6582,1
6583,0
6584,2
6585,1
6586,1
6587,0
6588,0
6589,1
6590,1
6591,0
6592,1
6593,1
6594,2
6595,2
6596,2
6597,1
6598,0
6599,0
6600,0
6601,0
6602,2
6603,2
6604,1
6605,2
6606,2
6607,0
6608,0
6609,2
6610,0
6611,2
6612,2
6613,1
6614,0
6615,1
6616,2
6617,0
6618,1
6619,0
6620,2
6621,0
6622,0
6623,1
6624,1
6625,2
6626,2
6627,1
6628,0
6629,2
6630,2
6631,2
6632,2
6633,0
6634,1
6635,2
6636,1
6637,1
6638,0
6639,2
6640,1
6641,1
6642,2
6643,0
6644,2
6645,1
6646,0
6647,0
6648,1
6649,1
6650,1
6651,2
6652,1
6653,0
6654,2
6655,2
6656,2
6657,2
6658,1
6659,1
6660,2
6661,0
6662,0
6663,1
6664,2
6665,0
6666,1
6667,0
6668,2
6669,1
6670,0
6671,2
6672,2
6673,2
6674,0
6675,0
6676,2
6677,1
6678,0
6679,1
6680,1
6681,1
6682,0
6683,2
6684,1
6685,2
6686,2
6687,2
6688,0
6689,1
6690,0
6691,0
6692,2
6693,0
6694,2
6695,0
6696,1
6697,2
6698,0
6699,1
6700,0
6701,0
6702,1
6703,0
6704,1
6705,2
6706,0
6707,1
6708,0
6709,1
6710,2
6711,2
6712,1
6713,0
6714,0
6715,1
6716,2
6717,0
6718,1
6719,1
6720,1
6721,0
6722,2
6723,1
6724,0
6725,2
6726,2
6727,1
6728,2
6729,0
6730,2
6731,1
6732,2
6733,1
6734,2
6735,2
6736,0
6737,1
6738,2
6739,0
6740,0
6741,1
6742,0
6743,0
6744,2
6745,0
6746,1
6747,2
6748,2
6749,2
6750,1
6751,1
6752,0
6753,0
6754,1
6755,0
6756,0
6757,1
6758,1
6759,1
6760,1
6761,0
6762,1
6763,2
6764,2
6765,0
6766,0
6767,1
6768,1
6769,2
6770,2
6771,2
6772,1
6773,1
6774,1
6775,2
6776,0
6777,0
6778,0
6779,2
6780,2
6781,2
6782,1
6783,2
6784,1
6785,2
6786,1
6787,0
6788,2
6789,0
6790,0
6791,1
6792,0
6793,0
6794,2
6795,0
6796,0
6797,0
6798,2
6799,1
6800,1
6801,0
6802,2
6803,0
6804,0
6805,1
6806,1
6807,1
6808,1
6809,2
6810,1
6811,0
6812,1
6813,0
6814,2
6815,1
6816,0
6817,1
6818,1
6819,2
6820,0
6821,1
6822,1
6823,1
6824,2
6825,0
6826,0
6827,2
6828,1
6829,2
6830,1
6831,1
6832,2
6833,1
6834,0
6835,0
6836,2
6837,0
6838,1
6839,1
6840,2
6841,0
6842,2
6843,1
6844,1
6845,0
6846,1
6847,0
6848,2
6849,1
6850,1
6851,2
6852,0
6853,2
6854,1
6855,1
6856,0
6857,0
6858,0
6859,1
6860,1
6861,1
6862,0
6863,1
6864,1
6865,2
6866,0
6867,1
6868,0
6869,1
6870,2
6871,0
6872,0
6873,1
6874,1
6875,1
6876,0
6877,1
6878,2
6879,2
6880,0
6881,0
6882,0
6883,1
6884,0
6885,2
6886,2
6887,2
6888,0
6889,2
6890,2
6891,2
6892,2
6893,0
6894,0
6895,2
6896,0
6897,1
6898,2
6899,2
6900,0
6901,1
6902,2
6903,0
6904,0
6905,2
6906,0
6907,0
6908,2
6909,1
6910,2
6911,1
6912,2
6913,2
6914,2
6915,1
6916,1
6917,0
6918,1
6919,1
